﻿{
	//-- absolute path or relative path of ASP.NET MVC application from generator exe.
	"dll_asp":"D:\utilisateurs\diphap\documents\visual studio 2012\Projects\MvcApplication5\MvcApplication5\bin\MvcApplication5.dll",

	//-- output file, relative path from folder of ASP.NET MVC application.
	"js_out":'Scripts\Diphap.JsNetBridge.js',

	//-- relative path from folder of ASP.NET MVC application.
	/*"dll_set":[
		{"file":"bin\QuadraEdenTransverse.dll", "whitens_filters":[], "blackns_filters":[]},
		{"file":"bin\QuadraEdenDomain.dll", "whitens_filters":[], "blackns_filters":[]}
	]*/
}