<?xml version="1.0"?>
<doc>
    <assembly>
        <name>Diphap.JsNetBridge.Generator</name>
    </assembly>
    <members>
        <member name="T:Diphap.JsNetBridge.Generator.Config.config">
            <summary>
            configuration of application.
            </summary>
        </member>
        <member name="M:Diphap.JsNetBridge.Generator.Config.config.ConvertDllAspToRelativePath">
            <summary>
            Convert absolute path to relative path of ASP.NET MVC Application from exe.
            </summary>
        </member>
        <member name="M:Diphap.JsNetBridge.Generator.Config.config.ResolveAbsolutePathes(System.String)">
            <summary>
            Resolve Absolute Pathes
            </summary>
            <returns></returns>
        </member>
    </members>
</doc>
